GISJOIN,YEAR,STATE,STATEA,COUNTY,COUNTYA,AREANAME,ABB001,ABB002,ABB003,ABB004,ABB005,ABB006
GIS Join Match Code,Data File Year,State Name,State Code,County Name,County Code,Area name,White >> Male,White >> Female,Nonwhite: Slave >> Male,Nonwhite: Slave >> Female,Nonwhite: Free >> Male,Nonwhite: Free >> Female
"G0100010","1820","Alabama","010","Autauga","0010","Autauga",1183,1020,856,791,2,1
"G0100030","1820","Alabama","010","Baldwin","0030","Baldwin",359,292,516,485,32,29
"G0100090","1820","Alabama","010","Blount","0090","Blount",1151,1088,77,98,0,1
"G0100130","1820","Alabama","010","Butler","0130","Butler",451,384,278,291,1,0
"G0100135","1820","Alabama","010","Cahawba","0135","Cahawba",1551,1379,373,373,0,0
"G0100250","1820","Alabama","010","Clarke","0250","Clarke",2030,1748,1006,1029,18,8
"G0100350","1820","Alabama","010","Conecuh","0350","Conecuh",2021,1748,971,960,8,5
"G0100375","1820","Alabama","010","Cotaco","0375","Cotaco",2243,2151,432,426,6,5
"G0100470","1820","Alabama","010","Dallas","0470","Dallas",1851,1473,1398,1279,1,1
"G0100590","1820","Alabama","010","Franklin","0590","Franklin",1818,1490,843,824,10,3
"G0100630","1820","Alabama","010","Greene","0630","Greene",1543,1318,834,857,1,1
"G0100670","1820","Alabama","010","Henry","0670","Henry",1133,878,326,300,1,0
"G0100710","1820","Alabama","010","Jackson","0710","Jackson",4220,3909,271,268,49,34
"G0100770","1820","Alabama","010","Lauderdale","0770","Lauderdale",1856,1700,828,550,14,15
"G0100790","1820","Alabama","010","Lawrence","0790","Lawrence",3032,2639,1514,1427,25,15
"G0100830","1820","Alabama","010","Limestone","0830","Limestone",3630,3292,1512,1407,26,4
"G0100890","1820","Alabama","010","Madison","0890","Madison",4805,4008,4585,4037,28,18
"G0100910","1820","Alabama","010","Marengo","0910","Marengo",1117,935,450,416,8,7
"G0100970","1820","Alabama","010","Mobile","0970","Mobile",1105,548,449,387,83,100
"G0100990","1820","Alabama","010","Monroe","0990","Monroe",2694,2320,1942,1852,16,14
"G0101010","1820","Alabama","010","Montgomery","1010","Montgomery",2094,1847,1417,1238,6,2
"G0101050","1820","Alabama","010","Perry","1050","Perry",1429,1225,511,477,3,1
"G0101150","1820","Alabama","010","St Clair","1150","St Clair",1920,1687,277,276,4,2
"G0101170","1820","Alabama","010","Shelby","1170","Shelby",1063,948,203,202,0,0
"G0101250","1820","Alabama","010","Tuscaloosa","1250","Tuscaloosa",3101,2793,1176,1159,0,0
"G0101290","1820","Alabama","010","Washington","1290","Washington",1450,1019,912,719,11,7
"G0101310","1820","Alabama","010","Wilcox","1310","Wilcox",900,656,760,594,4,3
"G0550015","1820","Arkansas Territory","055","Arkansas","0015","Arkansas",642,434,86,92,5,1
"G0550055","1820","Arkansas Territory","055","Clark","0055","Clark",522,448,37,33,0,0
"G0550135","1820","Arkansas Territory","055","Hempstead","0135","Hempstead",925,828,247,234,12,0
"G0550275","1820","Arkansas Territory","055","Lawrence","0275","Lawrence",2747,2326,257,233,17,12
"G0550295","1820","Arkansas Territory","055","Miller","0295","Miller",518,399,40,42,0,0
"G0550335","1820","Arkansas Territory","055","Phillips","0335","Phillips",603,449,71,74,0,0
"G0550375","1820","Arkansas Territory","055","Pulaski","0375","Pulaski",1014,724,82,89,10,2
"G0900010","1820","Connecticut","090","Fairfield","0010","Fairfield",20502,20851,10,17,677,677
"G0900030","1820","Connecticut","090","Hartford","0030","Hartford",22629,23428,9,8,601,589
"G0900050","1820","Connecticut","090","Litchfield","0050","Litchfield",19857,20431,3,0,454,428
"G0900070","1820","Connecticut","090","Middlesex","0070","Middlesex",10590,11305,2,7,232,268
"G0900090","1820","Connecticut","090","New Haven","0090","New Haven",18667,19701,8,8,589,637
"G0900110","1820","Connecticut","090","New London","0110","New London",16397,17842,3,8,806,887
"G0900130","1820","Connecticut","090","Tolland","0130","Tolland",6910,7170,1,1,139,109
"G0900150","1820","Connecticut","090","Windham","0150","Windham",15155,15726,1,11,379,412
"G1000010","1820","Delaware","100","Kent","0010","Kent",7163,7027,627,443,2740,2793
"G1000030","1820","Delaware","100","New Castle","0030","New Castle",11288,11072,654,541,2215,2129
"G1000050","1820","Delaware","100","Sussex","0050","Sussex",9454,9278,1274,970,1524,1557
"G1300010","1820","Georgia","130","Appling","0010","Appling",581,597,38,40,5,3
"G1300090","1820","Georgia","130","Baldwin","0090","Baldwin",1901,1586,2195,2043,3,6
"G1300290","1820","Georgia","130","Bryan","0290","Bryan",391,368,1119,1119,13,11
"G1300310","1820","Georgia","130","Bulloch","0310","Bulloch",955,922,355,342,4,0
"G1300330","1820","Georgia","130","Burke","0330","Burke",2941,2732,2973,2847,39,45
"G1300390","1820","Georgia","130","Camden","0390","Camden",903,905,1426,1056,31,20
"G1300510","1820","Georgia","130","Chatham","0510","Chatham",2508,2061,4622,4920,248,378
"G1300590","1820","Georgia","130","Clarke","0590","Clarke",2757,2528,1701,1760,14,7
"G1300730","1820","Georgia","130","Columbia","0730","Columbia",2663,2550,3763,3657,32,30
"G1300990","1820","Georgia","130","Early","0990","Early",318,233,107,109,0,1
"G1301030","1820","Georgia","130","Effingham","1030","Effingham",872,782,761,586,9,8
"G1301050","1820","Georgia","130","Elbert","1050","Elbert",3362,3267,2604,2555,0,0
"G1301070","1820","Georgia","130","Emanuel","1070","Emanuel",1272,1254,187,180,20,15
"G1301190","1820","Georgia","130","Franklin","1190","Franklin",3790,3450,866,908,12,14
"G1301270","1820","Georgia","130","Glynn","1270","Glynn",348,295,1417,1343,7,8
"G1301330","1820","Georgia","130","Greene","1330","Greene",3415,3184,3497,3440,25,28
"G1301350","1820","Georgia","130","Gwinnett","1350","Gwinnett",2071,1979,239,299,0,1
"G1301370","1820","Georgia","130","Habersham","1370","Habersham",1494,1374,146,131,0,0
"G1301390","1820","Georgia","130","Hall","1390","Hall",2370,2311,182,217,3,3
"G1301410","1820","Georgia","130","Hancock","1410","Hancock",3030,2817,3617,3246,9,15
"G1301550","1820","Georgia","130","Irwin","1550","Irwin",172,200,27,12,0,0
"G1301570","1820","Georgia","130","Jackson","1570","Jackson",3187,3159,967,1030,5,7
"G1301590","1820","Georgia","130","Jasper","1590","Jasper",4828,4258,2767,2727,22,12
"G1301630","1820","Georgia","130","Jefferson","1630","Jefferson",2010,1922,1571,1523,15,13
"G1301690","1820","Georgia","130","Jones","1690","Jones",5064,4556,3488,3398,40,24
"G1301750","1820","Georgia","130","Laurens","1750","Laurens",1787,1663,982,993,8,3
"G1301790","1820","Georgia","130","Liberty","1790","Liberty",867,774,2532,2505,4,13
"G1301810","1820","Georgia","130","Lincoln","1810","Lincoln",1766,1612,1564,1499,11,6
"G1301910","1820","Georgia","130","McIntosh","1910","Mcintosh",771,572,1890,1825,36,35
"G1301950","1820","Georgia","130","Madison","1950","Madison",1418,1411,433,471,2,0
"G1302090","1820","Georgia","130","Montgomery","2090","Montgomery",575,590,354,349,1,0
"G1302110","1820","Georgia","130","Morgan","2110","Morgan",3960,3503,3043,3002,10,2
"G1302210","1820","Georgia","130","Oglethorpe","2210","Oglethorpe",3461,3242,3705,3633,5,0
"G1302350","1820","Georgia","130","Pulaski","2350","Pulaski",1697,1540,1053,968,12,13
"G1302370","1820","Georgia","130","Putnam","2370","Putnam",4236,3972,3592,3649,21,5
"G1302410","1820","Georgia","130","Rabun","2410","Rabun",256,253,9,6,0,0
"G1302450","1820","Georgia","130","Richmond","2450","Richmond",2136,1531,2549,2282,49,61
"G1302510","1820","Georgia","130","Screven","2510","Screven",1085,1005,967,866,12,6
"G1302670","1820","Georgia","130","Tattnall","2670","Tattnall",1062,1001,291,277,8,5
"G1302710","1820","Georgia","130","Telfair","2710","Telfair",746,677,332,314,14,21
"G1302890","1820","Georgia","130","Twiggs","2890","Twiggs",3680,3416,1807,1720,8,9
"G1302970","1820","Georgia","130","Walton","2970","Walton",1832,1724,281,350,3,2
"G1303010","1820","Georgia","130","Warren","3010","Warren",3300,3230,2078,1963,27,32
"G1303030","1820","Georgia","130","Washington","3030","Washington",3366,3331,2037,1861,21,11
"G1303050","1820","Georgia","130","Wayne","3050","Wayne",327,344,186,147,2,4
"G1303170","1820","Georgia","130","Wilkes","3170","Wilkes",4011,3827,4896,4809,35,28
"G1303190","1820","Georgia","130","Wilkinson","3190","Wilkinson",2862,2654,700,763,6,7
"G1700030","1820","Illinois","170","Alexander","0030","Alexander",293,333,0,0,0,0
"G1700050","1820","Illinois","170","Bond","0050","Bond",1546,1336,16,11,10,12
"G1700230","1820","Illinois","170","Clark","0230","Clark",490,440,0,1,0,0
"G1700330","1820","Illinois","170","Crawford","0330","Crawford",1535,1392,0,0,33,39
"G1700470","1820","Illinois","170","Edwards","0470","Edwards",1861,1561,3,4,8,7
"G1700550","1820","Illinois","170","Franklin","0550","Franklin",873,818,4,3,32,33
"G1700590","1820","Illinois","170","Gallatin","0590","Gallatin",1609,1251,201,66,19,9
"G1700770","1820","Illinois","170","Jackson","0770","Jackson",844,659,24,15,0,0
"G1700810","1820","Illinois","170","Jefferson","0810","Jefferson",387,302,0,1,1,0
"G1700870","1820","Illinois","170","Johnson","0870","Johnson",432,397,6,7,1,0
"G1701190","1820","Illinois","170","Madison","1190","Madison",7554,5869,56,54,12,5
"G1701330","1820","Illinois","170","Monroe","1330","Monroe",828,665,5,8,8,2
"G1701510","1820","Illinois","170","Pope","1510","Pope",1324,1252,0,0,14,20
"G1701570","1820","Illinois","170","Randolph","1570","Randolph",1751,1424,126,107,44,40
"G1701630","1820","Illinois","170","St Clair","1630","St Clair",2861,2207,58,40,40,42
"G1701810","1820","Illinois","170","Union","1810","Union",1254,1084,14,10,0,0
"G1701890","1820","Illinois","170","Washington","1890","Washington",839,645,11,15,5,2
"G1701910","1820","Illinois","170","Wayne","1910","Wayne",574,537,2,1,0,0
"G1701930","1820","Illinois","170","White","1930","White",2546,2215,22,26,10,9
"G1800190","1820","Indiana","180","Clark","0190","Clark",4478,4093,0,0,68,70
"G1800250","1820","Indiana","180","Crawford","0250","Crawford",1380,1203,0,0,0,0
"G1800270","1820","Indiana","180","Daviess","0270","Daviess",1810,1590,0,0,15,17
"G1800290","1820","Indiana","180","Dearborn","0290","Dearborn",6029,5367,0,0,43,29
"G1800350","1820","Indiana","180","Delaware","0350","Delaware",1915,1759,0,0,3,0
"G1800370","1820","Indiana","180","Dubois","0370","Dubois",612,548,0,0,3,5
"G1800410","1820","Indiana","180","Fayette","0410","Fayette",3100,2841,0,0,5,4
"G1800430","1820","Indiana","180","Floyd","0430","Floyd",1431,1276,0,0,36,33
"G1800470","1820","Indiana","180","Franklin","0470","Franklin",5491,5207,0,0,31,34
"G1800510","1820","Indiana","180","Gibson","0510","Gibson",2043,1758,12,18,24,21
"G1800610","1820","Indiana","180","Harrison","0610","Harrison",4038,3768,0,0,36,33
"G1800710","1820","Indiana","180","Jackson","0710","Jackson",2107,1867,0,0,19,17
"G1800770","1820","Indiana","180","Jefferson","0770","Jefferson",4134,3792,0,0,54,58
"G1800790","1820","Indiana","180","Jennings","0790","Jennings",1041,914,0,0,21,24
"G1800830","1820","Indiana","180","Knox","0830","Knox",2840,2313,65,53,92,74
"G1800930","1820","Indiana","180","Lawrence","0930","Lawrence",2151,1950,0,0,8,7
"G1801010","1820","Indiana","180","Martin","1010","Martin",606,422,0,0,4,0
"G1801050","1820","Indiana","180","Monroe","1050","Monroe",1418,1253,0,0,6,2
"G1801170","1820","Indiana","180","Orange","1170","Orange",2733,2539,0,0,49,47
"G1801190","1820","Indiana","180","Owen","1190","Owen",457,370,1,0,7,3
"G1801230","1820","Indiana","180","Perry","1230","Perry",1221,1093,0,1,4,11
"G1801250","1820","Indiana","180","Pike","1250","Pike",784,681,2,1,2,2
"G1801290","1820","Indiana","180","Posey","1290","Posey",2095,1949,8,3,4,2
"G1801350","1820","Indiana","180","Randolph","1350","Randolph",948,855,0,0,3,2
"G1801370","1820","Indiana","180","Ripley","1370","Ripley",927,893,0,0,2,0
"G1801430","1820","Indiana","180","Scott","1430","Scott",1235,1093,2,4,0,0
"G1801470","1820","Indiana","180","Spencer","1470","Spencer",980,897,0,3,2,0
"G1801530","1820","Indiana","180","Sullivan","1530","Sullivan",1852,1618,4,4,10,10
"G1801550","1820","Indiana","180","Switzerland","1550","Switzerland",2070,1855,0,0,5,4
"G1801630","1820","Indiana","180","Vanderburgh","1630","Vanderburgh",948,839,4,4,2,1
"G1801670","1820","Indiana","180","Vigo","1670","Vigo",1907,1457,0,0,12,14
"G1801675","1820","Indiana","180","Wabash New Purchase *","1675","Wabash New Purchase *",70,72,0,0,2,3
"G1801730","1820","Indiana","180","Warrick","1730","Warrick",922,820,0,1,6,0
"G1801750","1820","Indiana","180","Washington","1750","Washington",4626,4354,0,0,33,26
"G1801770","1820","Indiana","180","Wayne","1770","Wayne",6250,5803,0,0,43,23
"G2100010","1820","Kentucky","210","Adair","0010","Adair",3681,3568,747,762,4,3
"G2100030","1820","Kentucky","210","Allen","0030","Allen",2248,2346,338,385,5,5
"G2100090","1820","Kentucky","210","Barren","0090","Barren",4021,3854,1213,1233,3,4
"G2100110","1820","Kentucky","210","Bath","0110","Bath",3443,3242,635,589,28,24
"G2100150","1820","Kentucky","210","Boone","0150","Boone",2755,2472,652,644,8,11
"G2100170","1820","Kentucky","210","Bourbon","0170","Bourbon",6109,6260,2595,2570,66,64
"G2100230","1820","Kentucky","210","Bracken","0230","Bracken",2294,2266,363,313,23,21
"G2100270","1820","Kentucky","210","Breckinridge","0270","Breckinridge",3233,2984,624,643,0,1
"G2100290","1820","Kentucky","210","Bullitt","0290","Bullitt",2340,2238,679,566,5,3
"G2100310","1820","Kentucky","210","Butler","0310","Butler",1336,1275,237,235,0,0
"G2100330","1820","Kentucky","210","Caldwell","0330","Caldwell",3906,3661,709,735,10,1
"G2100370","1820","Kentucky","210","Campbell","0370","Campbell",3132,2983,482,415,6,4
"G2100450","1820","Kentucky","210","Casey","0450","Casey",1901,1975,224,232,13,4
"G2100470","1820","Kentucky","210","Christian","0470","Christian",3553,3390,1731,1760,13,12
"G2100490","1820","Kentucky","210","Clark","0490","Clark",4098,3847,1735,1728,20,21
"G2100510","1820","Kentucky","210","Clay","0510","Clay",2112,1906,180,105,40,50
"G2100570","1820","Kentucky","210","Cumberland","0570","Cumberland",3433,3279,659,673,6,8
"G2100590","1820","Kentucky","210","Daviess","0590","Daviess",1538,1479,436,416,5,2
"G2100650","1820","Kentucky","210","Estill","0650","Estill",1660,1558,158,123,6,2
"G2100670","1820","Kentucky","210","Fayette","0670","Fayette",6939,6789,4681,4593,109,139
"G2100690","1820","Kentucky","210","Fleming","0690","Fleming",5574,5437,556,588,15,16
"G2100710","1820","Kentucky","210","Floyd","0710","Floyd",4164,3703,81,116,92,51
"G2100730","1820","Kentucky","210","Franklin","0730","Franklin",3818,3443,1809,1741,70,69
"G2100770","1820","Kentucky","210","Gallatin","0770","Gallatin",3023,2794,601,641,10,6
"G2100790","1820","Kentucky","210","Garrard","0790","Garrard",3953,3948,1430,1488,18,14
"G2100810","1820","Kentucky","210","Grant","0810","Grant",853,813,69,68,2,0
"G2100850","1820","Kentucky","210","Grayson","0850","Grayson",1927,1909,96,88,19,16
"G2100870","1820","Kentucky","210","Green","0870","Green",4662,4021,1533,1708,9,10
"G2100890","1820","Kentucky","210","Greenup","0890","Greenup",1959,1771,334,232,10,5
"G2100930","1820","Kentucky","210","Hardin","0930","Hardin",4539,4470,767,699,19,4
"G2100950","1820","Kentucky","210","Harlan","0950","Harlan",953,898,58,50,1,1
"G2100970","1820","Kentucky","210","Harrison","0970","Harrison",5011,5040,1019,1118,43,47
"G2100990","1820","Kentucky","210","Hart","0990","Hart",1825,1747,293,303,7,9
"G2101010","1820","Kentucky","210","Henderson","1010","Henderson",1821,1598,1106,1159,18,12
"G2101030","1820","Kentucky","210","Henry","1030","Henry",4452,4356,1018,986,2,2
"G2101070","1820","Kentucky","210","Hopkins","1070","Hopkins",2220,2114,463,519,1,5
"G2101110","1820","Kentucky","210","Jefferson","1110","Jefferson",7510,6155,3630,3256,123,92
"G2101130","1820","Kentucky","210","Jessamine","1130","Jessamine",3353,3042,1426,1376,63,37
"G2101210","1820","Kentucky","210","Knox","1210","Knox",1688,1617,163,174,9,10
"G2101350","1820","Kentucky","210","Lewis","1350","Lewis",1809,1696,246,218,3,1
"G2101370","1820","Kentucky","210","Lincoln","1370","Lincoln",3512,3350,1515,1538,18,40
"G2101390","1820","Kentucky","210","Livingston","1390","Livingston",2478,2292,508,512,15,19
"G2101410","1820","Kentucky","210","Logan","1410","Logan",5047,4543,2431,2267,69,66
"G2101510","1820","Kentucky","210","Madison","1510","Madison",6018,5720,2093,2061,35,27
"G2101610","1820","Kentucky","210","Mason","1610","Mason",5328,4832,1803,1563,33,29
"G2101670","1820","Kentucky","210","Mercer","1670","Mercer",5981,5549,1968,1857,66,66
"G2101710","1820","Kentucky","210","Monroe","1710","Monroe",2263,2190,264,234,4,1
"G2101730","1820","Kentucky","210","Montgomery","1730","Montgomery",3781,3723,1040,1014,19,10
"G2101770","1820","Kentucky","210","Muhlenberg","1770","Muhlenberg",2225,2077,295,380,2,0
"G2101790","1820","Kentucky","210","Nelson","1790","Nelson",6672,5668,1849,2026,39,19
"G2101810","1820","Kentucky","210","Nicholas","1810","Nicholas",3492,3529,457,462,21,12
"G2101830","1820","Kentucky","210","Ohio","1830","Ohio",1789,1603,246,222,11,8
"G2101870","1820","Kentucky","210","Owen","1870","Owen",944,879,96,111,1,0
"G2101910","1820","Kentucky","210","Pendleton","1910","Pendleton",1417,1341,163,165,0,0
"G2101990","1820","Kentucky","210","Pulaski","1990","Pulaski",3603,3348,301,336,6,3
"G2102030","1820","Kentucky","210","Rockcastle","2030","Rockcastle",1039,1049,66,89,6,0
"G2102090","1820","Kentucky","210","Scott","2090","Scott",4949,4596,2409,2211,39,15
"G2102110","1820","Kentucky","210","Shelby","2110","Shelby",8038,7758,2560,2598,47,46
"G2102130","1820","Kentucky","210","Simpson","2130","Simpson",2013,2019,393,410,11,6
"G2102190","1820","Kentucky","210","Todd","2190","Todd",1715,1641,869,860,4,0
"G2102210","1820","Kentucky","210","Trigg","2210","Trigg",1619,1420,407,409,10,9
"G2102250","1820","Kentucky","210","Union","2250","Union",1270,1159,535,500,5,1
"G2102270","1820","Kentucky","210","Warren","2270","Warren",4804,4365,1353,1201,29,24
"G2102290","1820","Kentucky","210","Washington","2290","Washington",6186,5973,1832,1902,32,22
"G2102310","1820","Kentucky","210","Wayne","2310","Wayne",3750,3643,266,287,4,1
"G2102350","1820","Kentucky","210","Whitley","2350","Whitley",1167,1065,37,59,6,6
"G2102390","1820","Kentucky","210","Woodford","2390","Woodford",3750,3672,2382,2296,57,50
"G2200050","1820","Louisiana","220","Ascension","0050","Ascension",837,658,1152,977,54,50
"G2200070","1820","Louisiana","220","Assumption","0070","Assumption",1226,1183,596,553,7,11
"G2200075","1820","Louisiana","220","Attakapas","0075","Attakapas",3117,2745,3068,2639,238,256
"G2200090","1820","Louisiana","220","Avoyelles","0090","Avoyelles",782,656,422,360,24,1
"G2200250","1820","Louisiana","220","Catahoula","0250","Catahoula",870,654,391,360,9,3
"G2200290","1820","Louisiana","220","Concordia","0290","Concordia",469,358,949,838,6,6
"G2200330","1820","Louisiana","220","East Baton Rouge","0330","East Baton Rouge",1407,1193,1074,1002,49,83
"G2200470","1820","Louisiana","220","Iberville","0470","Iberville",1120,899,1256,1023,60,56
"G2200570","1820","Louisiana","220","Lafourche","0570","Lafourche",1414,1238,542,426,74,54
"G2200690","1820","Louisiana","220","Natchitoches","0690","Natchitoches",2633,2112,1154,1172,263,152
"G2200710","1820","Louisiana","220","Orleans","0710","Orleans",11675,7569,7331,7615,2835,4326
"G2200730","1820","Louisiana","220","Ouachita","0730","Ouachita",1096,920,419,417,17,27
"G2200750","1820","Louisiana","220","Plaquemines","0750","Plaquemines",384,253,874,692,81,70
"G2200770","1820","Louisiana","220","Pointe Coupee","0770","Pointe Coupee",595,497,1976,1654,85,105
"G2200790","1820","Louisiana","220","Rapides","0790","Rapides",1479,1012,1822,1667,46,39
"G2200870","1820","Louisiana","220","St Bernard","0870","St Bernard",348,319,1190,733,24,21
"G2200890","1820","Louisiana","220","St Charles","0890","St Charles",400,327,1844,1143,63,85
"G2200910","1820","Louisiana","220","St Helena","0910","St Helena",1175,989,418,412,17,15
"G2200930","1820","Louisiana","220","St James","0930","St James",1241,1281,1766,1320,22,30
"G2200950","1820","Louisiana","220","St John The Baptist","0950","St John The Baptist",838,694,1282,927,50,63
"G2200970","1820","Louisiana","220","St Landry","0970","St Landry",2929,2439,2048,1903,368,398
"G2201030","1820","Louisiana","220","St Tammany","1030","St Tammany",630,423,335,296,16,23
"G2201170","1820","Louisiana","220","Washington","1170","Washington",1090,867,304,255,1,0
"G2201210","1820","Louisiana","220","West Baton Rouge","1210","West Baton Rouge",503,405,734,569,63,61
"G2201250","1820","Louisiana","220","West Feliciana","1250","West Feliciana",3074,2360,3619,3545,37,32
"G2300050","1820","Maine","230","Cumberland","0050","Cumberland",24047,24983,0,0,161,188
"G2300090","1820","Maine","230","Hancock","0090","Hancock",15964,15285,0,0,21,20
"G2300110","1820","Maine","230","Kennebec","0110","Kennebec",21408,21049,0,0,79,87
"G2300150","1820","Maine","230","Lincoln","0150","Lincoln",26560,26460,0,0,73,96
"G2300170","1820","Maine","230","Oxford","0170","Oxford",13714,13372,0,0,7,11
"G2300190","1820","Maine","230","Penobscot","0190","Penobscot",7160,6694,0,0,8,8
"G2300250","1820","Maine","230","Somerset","0250","Somerset",11027,10748,0,0,8,4
"G2300290","1820","Maine","230","Washington","0290","Washington",6765,5923,0,0,29,27
"G2300310","1820","Maine","230","York","0310","York",22550,23631,0,0,51,51
"G2400010","1820","Maryland","240","Allegany","0010","Allegany",4080,3584,399,396,102,93
"G2400030","1820","Maryland","240","Anne Arundel","0030","Anne Arundel",6845,6637,5450,4851,1649,1733
"G2400050","1820","Maryland","240","Baltimore","0050","Baltimore",12511,12069,3713,3007,1077,1086
"G2400090","1820","Maryland","240","Calvert","0090","Calvert",1899,1812,1830,1838,342,352
"G2400110","1820","Maryland","240","Caroline","0110","Caroline",3645,3499,787,787,686,704
"G2400150","1820","Maryland","240","Cecil","0150","Cecil",6198,5725,1296,1046,874,909
"G2400170","1820","Maryland","240","Charles","0170","Charles",3103,3411,4787,4632,274,293
"G2400190","1820","Maryland","240","Dorchester","0190","Dorchester",5131,4964,2698,2470,1193,1303
"G2400210","1820","Maryland","240","Frederick","0210","Frederick",16312,15685,3575,3110,951,826
"G2400250","1820","Maryland","240","Harford","0250","Harford",5706,5511,1811,1509,691,696
"G2400290","1820","Maryland","240","Kent","0290","Kent",2668,2647,2276,1795,1007,1060
"G2400310","1820","Maryland","240","Montgomery","0310","Montgomery",4585,4497,3388,3008,446,476
"G2400330","1820","Maryland","240","Prince Georges","0330","Prince Georges",4035,3900,5786,5399,548,548
"G2400350","1820","Maryland","240","Queen Anne's","0350","Queen Anne's",3685,3541,2956,2632,1053,1085
"G2400370","1820","Maryland","240","St Mary's","0370","St Mary's",3002,3031,3075,2972,431,463
"G2400390","1820","Maryland","240","Somerset","0390","Somerset",5105,5279,3876,3365,912,1042
"G2400410","1820","Maryland","240","Talbot","0410","Talbot",3660,3727,2488,2280,1042,1192
"G2400430","1820","Maryland","240","Washington","0430","Washington",10049,9198,1699,1502,289,338
"G2400470","1820","Maryland","240","Worcester","0470","Worcester",5603,5629,2514,2037,816,822
"G2405100","1820","Maryland","240","Baltimore City","5100","Baltimore City",23922,24133,1968,2389,4363,5963
"G2500010","1820","Massachusetts","250","Barnstable","0010","Barnstable",11765,12080,0,0,98,83
"G2500030","1820","Massachusetts","250","Berkshire","0030","Berkshire",17254,17604,0,0,427,435
"G2500050","1820","Massachusetts","250","Bristol","0050","Bristol",19239,20871,0,0,378,420
"G2500070","1820","Massachusetts","250","Dukes","0070","Dukes",1543,1652,0,0,50,47
"G2500090","1820","Massachusetts","250","Essex","0090","Essex",35216,38784,0,0,328,327
"G2500110","1820","Massachusetts","250","Franklin","0110","Franklin",14366,14767,0,0,77,58
"G2500130","1820","Massachusetts","250","Hampden","0130","Hampden",13800,13915,0,0,166,140
"G2500150","1820","Massachusetts","250","Hampshire","0150","Hampshire",13038,13233,0,0,104,112
"G2500170","1820","Massachusetts","250","Middlesex","0170","Middlesex",30340,30717,0,0,213,202
"G2500190","1820","Massachusetts","250","Nantucket","0190","Nantucket",3346,3646,0,0,132,115
"G2500210","1820","Massachusetts","250","Norfolk","0210","Norfolk",17451,18763,0,0,126,131
"G2500230","1820","Massachusetts","250","Plymouth","0230","Plymouth",18131,19587,0,0,198,190
"G2500250","1820","Massachusetts","250","Suffolk","0250","Suffolk",20430,21734,0,0,774,952
"G2500270","1820","Massachusetts","250","Worcester","0270","Worcester",36235,36912,0,0,237,220
"G2650035","1820","Michigan Territory","265","Brown","0035","Brown",785,166,0,0,1,0
"G2650095","1820","Michigan Territory","265","Crawford","0095","Crawford",243,102,0,0,7,9
"G2650215","1820","Michigan Territory","265","Macomb","0215","Macomb",465,431,0,0,2,0
"G2650235","1820","Michigan Territory","265","Michilimackinac","0235","Michilimackinac",660,154,0,0,4,1
"G2650255","1820","Michigan Territory","265","Monroe","0255","Monroe",1013,810,0,0,7,1
"G2650275","1820","Michigan Territory","265","Oakland","0275","Oakland",199,122,0,0,6,3
"G2650375","1820","Michigan Territory","265","Wayne","0375","Wayne",2018,1423,0,0,78,55
"G2800010","1820","Mississippi","280","Adams","0010","Adams",2320,1685,4080,3873,58,60
"G2800050","1820","Mississippi","280","Amite","0050","Amite",2169,1837,1417,1416,7,7
"G2800210","1820","Mississippi","280","Claiborne","0210","Claiborne",1599,1241,1572,1515,19,17
"G2800310","1820","Mississippi","280","Covington","0310","Covington",927,897,213,193,0,0
"G2800370","1820","Mississippi","280","Franklin","0370","Franklin",1202,1075,748,787,5,4
"G2800410","1820","Mississippi","280","Greene","0410","Greene",545,518,200,180,2,0
"G2800450","1820","Mississippi","280","Hancock","0450","Hancock",697,445,171,150,65,66
"G2800590","1820","Mississippi","280","Jackson","0590","Jackson",712,588,148,173,29,32
"G2800630","1820","Mississippi","280","Jefferson","0630","Jefferson",1857,1297,2032,1603,14,19
"G2800770","1820","Mississippi","280","Lawrence","0770","Lawrence",2236,1683,531,460,4,2
"G2800910","1820","Mississippi","280","Marion","0910","Marion",1059,825,621,611,0,0
"G2800950","1820","Mississippi","280","Monroe","0950","Monroe",1209,983,259,263,7,0
"G2801110","1820","Mississippi","280","Perry","1110","Perry",804,735,240,251,4,3
"G2801130","1820","Mississippi","280","Pike","1130","Pike",1845,1598,461,533,0,1
"G2801490","1820","Mississippi","280","Warren","1490","Warren",785,616,706,581,3,2
"G2801530","1820","Mississippi","280","Wayne","1530","Wayne",1170,1080,517,548,8,0
"G2801570","1820","Mississippi","280","Wilkinson","1570","Wilkinson",2150,1787,2934,2827,14,6
"G2950015","1820","Missouri Territory","295","Cape Girardeau","0015","Cape Girardeau",2658,2400,432,433,25,20
"G2950035","1820","Missouri Territory","295","Cooper","0035","Cooper",3383,2924,344,293,13,2
"G2950055","1820","Missouri Territory","295","Franklin","0055","Franklin",1190,980,111,98,0,0
"G2950075","1820","Missouri Territory","295","Howard","0075","Howard",6160,5159,1049,1040,11,7
"G2950095","1820","Missouri Territory","295","Jefferson","0095","Jefferson",867,753,117,95,2,1
"G2950115","1820","Missouri Territory","295","Lincoln","0115","Lincoln",799,620,125,117,1,0
"G2950135","1820","Missouri Territory","295","Madison","0135","Madison",901,771,184,187,2,2
"G2950155","1820","Missouri Territory","295","Montgomery","0155","Montgomery",1425,1122,268,258,1,0
"G2950175","1820","Missouri Territory","295","New Madrid","0175","New Madrid",1068,933,148,143,1,3
"G2950195","1820","Missouri Territory","295","Pike","0195","Pike",1749,1322,360,316,0,0
"G2950215","1820","Missouri Territory","295","St Charles","0215","St Charles",1857,1418,346,336,6,7
"G2950235","1820","Missouri Territory","295","Ste Genevieve","0235","Ste Genevieve",2071,1861,535,448,24,23
"G2950255","1820","Missouri Territory","295","St Louis","0255","St Louis",4837,3177,987,823,100,96
"G2950275","1820","Missouri Territory","295","Washington","0275","Washington",1286,1058,228,197,0,0
"G2950295","1820","Missouri Territory","295","Wayne","0295","Wayne",750,489,107,97,0,0
"G3300050","1820","New Hampshire","330","Cheshire","0050","Cheshire",22275,23021,0,0,36,44
"G3300070","1820","New Hampshire","330","Coos","0070","Coos",2737,2808,0,0,1,3
"G3300090","1820","New Hampshire","330","Grafton","0090","Grafton",16418,16524,0,0,22,25
"G3300110","1820","New Hampshire","330","Hillsborough","0110","Hillsborough",26155,27496,0,0,109,124
"G3300150","1820","New Hampshire","330","Rockingham","0150","Rockingham",26713,28039,0,0,173,182
"G3300170","1820","New Hampshire","330","Strafford","0170","Strafford",24912,26138,0,0,31,36
"G3400030","1820","New Jersey","340","Bergen","0030","Bergen",7824,7572,913,770,548,511
"G3400050","1820","New Jersey","340","Burlington","0050","Burlington",13533,13946,40,42,660,601
"G3400090","1820","New Jersey","340","Cape May","0090","Cape May",2095,1937,13,15,118,87
"G3400110","1820","New Jersey","340","Cumberland","0110","Cumberland",5999,6046,10,8,315,290
"G3400130","1820","New Jersey","340","Essex","0130","Essex",14423,14321,344,315,667,723
"G3400150","1820","New Jersey","340","Gloucester","0150","Gloucester",11351,10617,18,21,552,512
"G3400190","1820","New Jersey","340","Hunterdon","0190","Hunterdon",13155,13299,295,321,711,732
"G3400230","1820","New Jersey","340","Middlesex","0230","Middlesex",9675,9750,493,519,505,528
"G3400250","1820","New Jersey","340","Monmouth","0250","Monmouth",11524,11284,735,513,523,459
"G3400270","1820","New Jersey","340","Morris","0270","Morris",10091,10163,344,313,246,211
"G3400330","1820","New Jersey","340","Salem","0330","Salem",6607,6399,7,8,553,448
"G3400350","1820","New Jersey","340","Somerset","0350","Somerset",6988,6909,604,518,759,728
"G3400370","1820","New Jersey","340","Sussex","0370","Sussex",16354,15547,172,206,259,214
"G3600010","1820","New York","360","Albany","0010","Albany",18353,18492,210,203,376,482
"G3600030","1820","New York","360","Allegany","0030","Allegany",4919,4382,8,9,6,6
"G3600070","1820","New York","360","Broome","0070","Broome",7318,6937,8,17,33,30
"G3600090","1820","New York","360","Cattaraugus","0090","Cattaraugus",2250,1834,0,2,2,2
"G3600110","1820","New York","360","Cayuga","0110","Cayuga",19862,18796,17,31,119,72
"G3600130","1820","New York","360","Chautauqua","0130","Chautauqua",6590,5965,1,2,5,5
"G3600170","1820","New York","360","Chenango","0170","Chenango",15758,15261,3,4,93,96
"G3600190","1820","New York","360","Clinton","0190","Clinton",6510,5462,0,2,48,48
"G3600210","1820","New York","360","Columbia","0210","Columbia",18078,18438,374,387,525,528
"G3600230","1820","New York","360","Cortland","0230","Cortland",8378,8078,2,1,23,25
"G3600250","1820","New York","360","Delaware","0250","Delaware",13441,13008,33,23,43,39
"G3600270","1820","New York","360","Dutchess","0270","Dutchess",22374,21784,383,389,764,921
"G3600310","1820","New York","360","Essex","0310","Essex",6581,6199,3,0,19,9
"G3600330","1820","New York","360","Franklin","0330","Franklin",2361,2078,0,0,0,0
"G3600370","1820","New York","360","Genesee","0370","Genesee",30267,27681,20,15,43,39
"G3600390","1820","New York","360","Greene","0390","Greene",11283,10942,62,72,311,326
"G3600410","1820","New York","360","Hamilton","0410","Hamilton",666,583,1,0,1,0
"G3600430","1820","New York","360","Herkimer","0430","Herkimer",15653,15032,34,38,97,91
"G3600450","1820","New York","360","Jefferson","0450","Jefferson",17599,15213,1,4,79,56
"G3600470","1820","New York","360","Kings","0470","Kings",4912,4514,519,360,410,472
"G3600490","1820","New York","360","Lewis","0490","Lewis",4820,4364,0,0,22,21
"G3600530","1820","New York","360","Madison","0530","Madison",16280,15736,1,9,86,96
"G3600570","1820","New York","360","Montgomery","0570","Montgomery",18496,18145,167,182,287,284
"G3600610","1820","New York","360","New York","0610","New York",55312,57508,177,341,4194,6174
"G3600630","1820","New York","360","Niagara","0630","Niagara",12199,10709,3,12,36,31
"G3600650","1820","New York","360","Oneida","0650","Oneida",25711,24909,3,6,172,196
"G3600670","1820","New York","360","Onondaga","0670","Onondaga",21107,20106,25,34,96,99
"G3600690","1820","New York","360","Ontario","0690","Ontario",44936,42604,0,0,353,374
"G3600710","1820","New York","360","Orange","0710","Orange",19952,19167,507,618,480,489
"G3600750","1820","New York","360","Oswego","0750","Oswego",6505,5837,0,0,17,15
"G3600770","1820","New York","360","Otsego","0770","Otsego",22303,22302,4,12,119,116
"G3600790","1820","New York","360","Putnam","0790","Putnam",5555,5498,26,23,83,83
"G3600810","1820","New York","360","Queens","0810","Queens",9272,9040,289,270,1360,1288
"G3600830","1820","New York","360","Rensselaer","0830","Rensselaer",19543,19506,217,216,277,355
"G3600850","1820","New York","360","Richmond","0850","Richmond",2835,2690,331,201,43,35
"G3600870","1820","New York","360","Rockland","0870","Rockland",4250,4051,66,58,214,198
"G3600890","1820","New York","360","St Lawrence","0890","St Lawrence",8503,7512,3,5,7,7
"G3600910","1820","New York","360","Saratoga","0910","Saratoga",17851,17574,36,87,231,273
"G3600930","1820","New York","360","Schenectady","0930","Schenectady",6305,6015,46,56,216,238
"G3600950","1820","New York","360","Schoharie","0950","Schoharie",11570,11011,163,139,145,119
"G3600990","1820","New York","360","Seneca","0990","Seneca",11976,11379,40,44,103,77
"G3601010","1820","New York","360","Steuben","1010","Steuben",11457,10356,24,22,69,61
"G3601030","1820","New York","360","Suffolk","1030","Suffolk",11191,11250,171,152,523,643
"G3601050","1820","New York","360","Sullivan","1050","Sullivan",4579,4219,31,38,17,16
"G3601070","1820","New York","360","Tioga","1070","Tioga",8712,8123,66,38,20,12
"G3601090","1820","New York","360","Tompkins","1090","Tompkins",10536,10073,5,1,31,35
"G3601110","1820","New York","360","Ulster","1110","Ulster",14829,13985,827,696,303,294
"G3601130","1820","New York","360","Warren","1130","Warren",4808,4628,2,5,5,5
"G3601150","1820","New York","360","Washington","1150","Washington",19526,18901,66,84,131,123
"G3601190","1820","New York","360","Westchester","1190","Westchester",15479,15316,113,92,821,817
"G3700070","1820","North Carolina","370","Anson","0070","Anson",4603,4308,1670,1806,78,69
"G3700090","1820","North Carolina","370","Ashe","0090","Ashe",2093,1952,135,115,27,13
"G3700130","1820","North Carolina","370","Beaufort","0130","Beaufort",2914,2955,1901,1754,156,170
"G3700150","1820","North Carolina","370","Bertie","0150","Bertie",2278,2552,2977,2748,125,125
"G3700170","1820","North Carolina","370","Bladen","0170","Bladen",2076,2270,1382,1406,78,64
"G3700190","1820","North Carolina","370","Brunswick","0190","Brunswick",1495,1442,1196,1138,101,108
"G3700210","1820","North Carolina","370","Buncombe","0210","Buncombe",4861,4606,530,512,19,14
"G3700230","1820","North Carolina","370","Burke","0230","Burke",5801,5618,950,967,31,44
"G3700250","1820","North Carolina","370","Cabarrus","0250","Cabarrus",2850,2782,842,757,14,3
"G3700290","1820","North Carolina","370","Camden","0290","Camden",2194,2287,967,782,50,67
"G3700310","1820","North Carolina","370","Carteret","0310","Carteret",2056,2115,655,674,62,47
"G3700330","1820","North Carolina","370","Caswell","0330","Caswell",3818,3725,2771,2646,164,129
"G3700370","1820","North Carolina","370","Chatham","0370","Chatham",4315,4355,1909,1899,100,83
"G3700410","1820","North Carolina","370","Chowan","0410","Chowan",1402,1437,1836,1633,69,87
"G3700470","1820","North Carolina","370","Columbus","0470","Columbus",1458,1464,453,460,49,28
"G3700490","1820","North Carolina","370","Craven","0490","Craven",3170,3393,2526,2561,875,869
"G3700510","1820","North Carolina","370","Cumberland","0510","Cumberland",4610,4521,2394,2357,288,276
"G3700530","1820","North Carolina","370","Currituck","0530","Currituck",3087,3011,978,876,75,71
"G3700610","1820","North Carolina","370","Duplin","0610","Duplin",2913,3171,1874,1725,32,29
"G3700650","1820","North Carolina","370","Edgecombe","0650","Edgecombe",3573,3700,2961,2784,127,131
"G3700690","1820","North Carolina","370","Franklin","0690","Franklin",2411,2462,2337,2372,81,78
"G3700730","1820","North Carolina","370","Gates","0730","Gates",1998,1991,1742,943,47,116
"G3700770","1820","North Carolina","370","Granville","0770","Granville",4296,4328,4659,4412,309,212
"G3700790","1820","North Carolina","370","Greene","0790","Greene",1122,1172,1113,1061,47,18
"G3700810","1820","North Carolina","370","Guilford","0810","Guilford",6562,6130,873,738,116,92
"G3700830","1820","North Carolina","370","Halifax","0830","Halifax",3181,3055,4848,4602,749,802
"G3700870","1820","North Carolina","370","Haywood","0870","Haywood",1888,1892,131,143,9,10
"G3700910","1820","North Carolina","370","Hertford","0910","Hertford",1796,1884,1676,1568,376,412
"G3700950","1820","North Carolina","370","Hyde","0950","Hyde",1599,1642,801,779,72,74
"G3700970","1820","North Carolina","370","Iredell","0970","Iredell",5040,5018,1438,1550,15,10
"G3701010","1820","North Carolina","370","Johnston","1010","Johnston",3225,3181,1588,1498,63,52
"G3701030","1820","North Carolina","370","Jones","1030","Jones",1148,1152,1439,1325,82,70
"G3701070","1820","North Carolina","370","Lenoir","1070","Lenoir",1594,1737,1694,1660,66,48
"G3701090","1820","North Carolina","370","Lincoln","1090","Lincoln",7576,7215,1719,1610,17,10
"G3701170","1820","North Carolina","370","Martin","1170","Martin",1593,1785,1577,1273,55,37
"G3701190","1820","North Carolina","370","Mecklenburg","1190","Mecklenburg",5872,5813,2468,2713,22,7
"G3701230","1820","North Carolina","370","Montgomery","1230","Montgomery",3469,3391,941,874,13,5
"G3701250","1820","North Carolina","370","Moore","1250","Moore",2873,2905,665,631,30,24
"G3701270","1820","North Carolina","370","Nash","1270","Nash",2258,2264,1718,1727,103,115
"G3701290","1820","North Carolina","370","New Hanover","1290","New Hanover",2634,2452,2708,2853,102,117
"G3701310","1820","North Carolina","370","Northampton","1310","Northampton",2538,2716,3766,3497,363,362
"G3701330","1820","North Carolina","370","Onslow","1330","Onslow",2095,2084,1454,1323,37,23
"G3701350","1820","North Carolina","370","Orange","1350","Orange",8483,8294,3057,3096,268,294
"G3701390","1820","North Carolina","370","Pasquotank","1390","Pasquotank",2444,2416,1445,1171,305,227
"G3701430","1820","North Carolina","370","Perquimans","1430","Perquimans",2048,2131,1276,1189,100,113
"G3701450","1820","North Carolina","370","Person","1450","Person",2660,2615,1890,1784,36,44
"G3701470","1820","North Carolina","370","Pitt","1470","Pitt",2864,2867,2213,2028,18,11
"G3701510","1820","North Carolina","370","Randolph","1510","Randolph",5038,4979,548,532,121,107
"G3701530","1820","North Carolina","370","Richmond","1530","Richmond",2740,2719,1019,1002,31,26
"G3701550","1820","North Carolina","370","Robeson","1550","Robeson",2860,2817,869,1230,212,216
"G3701570","1820","North Carolina","370","Rockingham","1570","Rockingham",4255,4095,1438,1536,64,86
"G3701590","1820","North Carolina","370","Rowan","1590","Rowan",10027,10462,2748,2633,80,59
"G3701610","1820","North Carolina","370","Rutherford","1610","Rutherford",6373,5616,1523,1798,23,18
"G3701630","1820","North Carolina","370","Sampson","1630","Sampson",2900,2978,1474,1383,92,81
"G3701690","1820","North Carolina","370","Stokes","1690","Stokes",5689,5945,1065,1139,106,89
"G3701710","1820","North Carolina","370","Surry","1710","Surry",5296,5547,711,654,65,47
"G3701770","1820","North Carolina","370","Tyrrell","1770","Tyrrell",1498,1509,647,614,27,24
"G3701830","1820","North Carolina","370","Wake","1830","Wake",5835,6116,3742,3675,356,378
"G3701850","1820","North Carolina","370","Warren","1850","Warren",2060,2154,3510,3244,101,89
"G3701870","1820","North Carolina","370","Washington","1870","Washington",1083,1159,881,786,43,34
"G3701910","1820","North Carolina","370","Wayne","1910","Wayne",2854,2867,1650,1512,77,80
"G3701930","1820","North Carolina","370","Wilkes","1930","Wilkes",4296,4337,583,608,70,73
"G3900010","1820","Ohio","390","Adams","0010","Adams",5358,4992,0,0,25,31
"G3900070","1820","Ohio","390","Ashtabula","0070","Ashtabula",3878,3493,0,0,3,1
"G3900090","1820","Ohio","390","Athens","0090","Athens",3266,3046,0,0,15,11
"G3900130","1820","Ohio","390","Belmont","0130","Belmont",10247,9855,0,0,113,114
"G3900150","1820","Ohio","390","Brown","0150","Brown",6501,6517,0,0,160,178
"G3900170","1820","Ohio","390","Butler","0170","Butler",11206,10382,0,0,78,80
"G3900210","1820","Ohio","390","Champaign","0210","Champaign",4366,3964,0,0,67,82
"G3900230","1820","Ohio","390","Clark","0230","Clark",4970,4521,0,0,27,15
"G3900250","1820","Ohio","390","Clermont","0250","Clermont",8090,7701,0,0,13,16
"G3900270","1820","Ohio","390","Clinton","0270","Clinton",4104,3935,0,0,24,22
"G3900290","1820","Ohio","390","Columbiana","0290","Columbiana",11238,10635,0,0,91,69
"G3900310","1820","Ohio","390","Coshocton","0310","Coshocton",3705,3362,0,0,8,11
"G3900350","1820","Ohio","390","Cuyahoga","0350","Cuyahoga",3377,2897,0,0,33,21
"G3900370","1820","Ohio","390","Darke","0370","Darke",1939,1760,0,0,8,10
"G3900410","1820","Ohio","390","Delaware","0410","Delaware",3986,3616,0,0,19,18
"G3900450","1820","Ohio","390","Fairfield","0450","Fairfield",8691,7920,0,0,9,13
"G3900470","1820","Ohio","390","Fayette","0470","Fayette",3250,3041,0,0,12,13
"G3900490","1820","Ohio","390","Franklin","0490","Franklin",5332,4708,0,0,68,64
"G3900530","1820","Ohio","390","Gallia","0530","Gallia",3603,3354,0,0,85,56
"G3900550","1820","Ohio","390","Geauga","0550","Geauga",4244,3541,0,0,6,0
"G3900570","1820","Ohio","390","Greene","0570","Greene",5366,5102,0,0,25,28
"G3900590","1820","Ohio","390","Guernsey","0590","Guernsey",4766,4474,0,0,30,22
"G3900610","1820","Ohio","390","Hamilton","0610","Hamilton",16262,14869,0,0,328,305
"G3900670","1820","Ohio","390","Harrison","0670","Harrison",7289,7028,0,0,21,7
"G3900710","1820","Ohio","390","Highland","0710","Highland",6256,5881,0,0,87,84
"G3900730","1820","Ohio","390","Hocking","0730","Hocking",1099,1031,0,0,0,0
"G3900770","1820","Ohio","390","Huron","0770","Huron",3678,2990,0,0,7,0
"G3900790","1820","Ohio","390","Jackson","0790","Jackson",1999,1711,0,0,18,18
"G3900810","1820","Ohio","390","Jefferson","0810","Jefferson",9462,8852,0,0,105,112
"G3900830","1820","Ohio","390","Knox","0830","Knox",4451,3855,0,0,10,10
"G3900870","1820","Ohio","390","Lawrence","0870","Lawrence",1819,1657,0,0,11,12
"G3900890","1820","Ohio","390","Licking","0890","Licking",6236,5587,0,0,21,17
"G3900910","1820","Ohio","390","Logan","0910","Logan",1639,1464,0,0,41,37
"G3900970","1820","Ohio","390","Madison","0970","Madison",2530,2247,0,0,12,10
"G3901030","1820","Ohio","390","Medina","1030","Medina",1723,1345,0,0,8,6
"G3901050","1820","Ohio","390","Meigs","1050","Meigs",2340,2137,0,0,0,3
"G3901090","1820","Ohio","390","Miami","1090","Miami",4573,4218,0,0,39,21
"G3901110","1820","Ohio","390","Monroe","1110","Monroe",2436,2198,0,0,6,5
"G3901130","1820","Ohio","390","Montgomery","1130","Montgomery",8279,7647,0,0,41,32
"G3901150","1820","Ohio","390","Morgan","1150","Morgan",2740,2542,0,0,5,10
"G3901190","1820","Ohio","390","Muskingum","1190","Muskingum",9470,8161,0,0,100,93
"G3901270","1820","Ohio","390","Perry","1270","Perry",4410,4001,0,0,6,12
"G3901290","1820","Ohio","390","Pickaway","1290","Pickaway",6748,6263,0,0,65,73
"G3901310","1820","Ohio","390","Pike","1310","Pike",2068,2063,0,0,63,59
"G3901330","1820","Ohio","390","Portage","1330","Portage",5396,4677,0,0,13,9
"G3901350","1820","Ohio","390","Preble","1350","Preble",5277,4928,0,0,20,12
"G3901390","1820","Ohio","390","Richland","1390","Richland",4897,4242,0,0,15,15
"G3901410","1820","Ohio","390","Ross","1410","Ross",10417,9700,0,0,233,269
"G3901430","1820","Ohio","390","Sandusky","1430","Sandusky",470,379,0,0,3,0
"G3901450","1820","Ohio","390","Scioto","1450","Scioto",2958,2756,0,0,21,15
"G3901490","1820","Ohio","390","Shelby","1490","Shelby",1114,983,0,0,5,4
"G3901510","1820","Ohio","390","Stark","1510","Stark",6500,5880,0,0,15,11
"G3901550","1820","Ohio","390","Trumbull","1550","Trumbull",8140,7352,0,0,38,12
"G3901570","1820","Ohio","390","Tuscarawas","1570","Tuscarawas",4299,4025,0,0,2,2
"G3901590","1820","Ohio","390","Union","1590","Union",1010,978,0,0,2,6
"G3901650","1820","Ohio","390","Warren","1650","Warren",9195,8455,0,0,121,66
"G3901670","1820","Ohio","390","Washington","1670","Washington",5359,4967,0,0,52,47
"G3901690","1820","Ohio","390","Wayne","1690","Wayne",6164,5769,0,0,0,0
"G3901730","1820","Ohio","390","Wood","1730","Wood",421,311,0,0,1,0
"G4200010","1820","Pennsylvania","420","Adams","0010","Adams",9500,9241,10,13,314,292
"G4200030","1820","Pennsylvania","420","Allegheny","0030","Allegheny",17875,16351,0,1,345,349
"G4200050","1820","Pennsylvania","420","Armstrong","0050","Armstrong",5279,5003,0,0,22,20
"G4200070","1820","Pennsylvania","420","Beaver","0070","Beaver",7802,7432,1,4,56,45
"G4200090","1820","Pennsylvania","420","Bedford","0090","Bedford",10312,9590,2,3,171,170
"G4200110","1820","Pennsylvania","420","Berks","0110","Berks",23287,22510,1,0,254,223
"G4200150","1820","Pennsylvania","420","Bradford","0150","Bradford",6052,5467,0,0,18,17
"G4200170","1820","Pennsylvania","420","Bucks","0170","Bucks",18417,18141,0,2,699,583
"G4200190","1820","Pennsylvania","420","Butler","0190","Butler",5385,4795,0,0,7,6
"G4200210","1820","Pennsylvania","420","Cambria","0210","Cambria",1685,1582,0,0,9,11
"G4200270","1820","Pennsylvania","420","Centre","0270","Centre",7082,6594,0,0,65,55
"G4200290","1820","Pennsylvania","420","Chester","0290","Chester",21270,20440,3,4,1492,1242
"G4200330","1820","Pennsylvania","420","Clearfield","0330","Clearfield",1307,1000,0,0,18,17
"G4200370","1820","Pennsylvania","420","Columbia","0370","Columbia",8955,8603,0,0,33,30
"G4200390","1820","Pennsylvania","420","Crawford","0390","Crawford",4900,4456,0,0,23,18
"G4200410","1820","Pennsylvania","420","Cumberland","0410","Cumberland",11622,11239,6,11,372,356
"G4200430","1820","Pennsylvania","420","Dauphin","0430","Dauphin",10738,10409,4,5,268,229
"G4200450","1820","Pennsylvania","420","Delaware","0450","Delaware",7001,6700,0,1,609,499
"G4200490","1820","Pennsylvania","420","Erie","0490","Erie",4527,3942,0,1,48,23
"G4200510","1820","Pennsylvania","420","Fayette","0510","Fayette",13475,12910,14,27,419,440
"G4200550","1820","Pennsylvania","420","Franklin","0550","Franklin",15641,14685,15,4,784,763
"G4200590","1820","Pennsylvania","420","Greene","0590","Greene",7784,7509,4,3,127,127
"G4200610","1820","Pennsylvania","420","Huntingdon","0610","Huntingdon",10231,9635,3,2,140,128
"G4200630","1820","Pennsylvania","420","Indiana","0630","Indiana",4463,4358,0,0,35,26
"G4200650","1820","Pennsylvania","420","Jefferson","0650","Jefferson",303,248,0,0,4,6
"G4200710","1820","Pennsylvania","420","Lancaster","0710","Lancaster",33112,32636,5,16,1117,1089
"G4200750","1820","Pennsylvania","420","Lebanon","0750","Lebanon",8527,8341,2,2,53,50
"G4200770","1820","Pennsylvania","420","Lehigh","0770","Lehigh",9616,9230,0,0,26,23
"G4200790","1820","Pennsylvania","420","Luzerne","0790","Luzerne",10670,9244,0,1,64,48
"G4200810","1820","Pennsylvania","420","Lycoming","0810","Lycoming",6695,6680,1,2,73,66
"G4200830","1820","Pennsylvania","420","McKean","0830","Mckean",416,311,0,0,0,1
"G4200850","1820","Pennsylvania","420","Mercer","0850","Mercer",5928,5662,0,1,49,41
"G4200870","1820","Pennsylvania","420","Mifflin","0870","Mifflin",8429,8012,3,2,97,75
"G4200910","1820","Pennsylvania","420","Montgomery","0910","Montgomery",17757,17159,1,2,481,393
"G4200950","1820","Pennsylvania","420","Northampton","0950","Northampton",16245,15320,0,0,109,91
"G4200970","1820","Pennsylvania","420","Northumberland","0970","Northumberland",7773,7537,0,1,59,54
"G4200990","1820","Pennsylvania","420","Perry","0990","Perry",5689,5527,0,1,37,30
"G4201010","1820","Pennsylvania","420","Philadelphia","1010","Philadelphia",58866,64880,3,4,5217,6667
"G4201030","1820","Pennsylvania","420","Pike","1030","Pike",1509,1330,1,0,29,21
"G4201050","1820","Pennsylvania","420","Potter","1050","Potter",96,89,0,0,1,0
"G4201070","1820","Pennsylvania","420","Schuylkill","1070","Schuylkill",5785,5431,0,0,51,44
"G4201110","1820","Pennsylvania","420","Somerset","1110","Somerset",7153,6735,0,0,45,41
"G4201150","1820","Pennsylvania","420","Susquehanna","1150","Susquehanna",5149,4761,0,0,22,28
"G4201170","1820","Pennsylvania","420","Tioga","1170","Tioga",2112,1892,0,0,8,9
"G4201190","1820","Pennsylvania","420","Union","1190","Union",9335,9210,2,1,34,37
"G4201210","1820","Pennsylvania","420","Venango","1210","Venango",2593,2294,0,0,13,15
"G4201230","1820","Pennsylvania","420","Warren","1230","Warren",1099,876,0,0,0,1
"G4201250","1820","Pennsylvania","420","Washington","1250","Washington",20075,19216,0,5,364,378
"G4201270","1820","Pennsylvania","420","Wayne","1270","Wayne",2149,1962,0,0,13,3
"G4201290","1820","Pennsylvania","420","Westmoreland","1290","Westmoreland",15691,14597,2,3,128,119
"G4201330","1820","Pennsylvania","420","York","1330","York",19256,18704,2,4,382,399
"G4400010","1820","Rhode Island","440","Bristol","0010","Bristol",2554,2779,0,2,149,153
"G4400030","1820","Rhode Island","440","Kent","0030","Kent",4767,5121,4,3,161,171
"G4400050","1820","Rhode Island","440","Newport","0050","Newport",7126,7764,11,17,354,498
"G4400070","1820","Rhode Island","440","Providence","0070","Providence",16692,17635,1,3,585,782
"G4400090","1820","Rhode Island","440","Washington","0090","Washington",7353,7622,2,5,338,363
"G4500010","1820","South Carolina","450","Abbeville","0010","Abbeville",6795,6693,4883,4732,42,22
"G4500110","1820","South Carolina","450","Barnwell","0110","Barnwell",4115,4047,3224,3112,157,95
"G4500130","1820","South Carolina","450","Beaufort","0130","Beaufort",2431,2248,13635,13704,100,81
"G4500190","1820","South Carolina","450","Charleston","0190","Charleston",9861,9515,28650,28571,1608,2007
"G4500230","1820","South Carolina","450","Chester","0230","Chester",4890,4721,2294,2248,20,16
"G4500250","1820","South Carolina","450","Chesterfield","0250","Chesterfield",2173,2239,1032,1030,91,80
"G4500290","1820","South Carolina","450","Colleton","0290","Colleton",2316,2025,11283,10487,153,140
"G4500310","1820","South Carolina","450","Darlington","0310","Darlington",3221,3186,2200,2273,34,35
"G4500370","1820","South Carolina","450","Edgefield","0370","Edgefield",6425,6439,6437,5761,26,31
"G4500390","1820","South Carolina","450","Fairfield","0390","Fairfield",4770,4608,3822,3926,20,28
"G4500430","1820","South Carolina","450","Georgetown","0430","Georgetown",945,885,7851,7695,116,111
"G4500450","1820","South Carolina","450","Greenville","0450","Greenville",5898,5119,1712,1711,52,38
"G4500510","1820","South Carolina","450","Horry","0510","Horry",1820,1748,731,703,15,8
"G4500550","1820","South Carolina","450","Kershaw","0550","Kershaw",2887,2741,3357,3335,47,65
"G4500570","1820","South Carolina","450","Lancaster","0570","Lancaster",2989,2859,1401,1397,39,31
"G4500590","1820","South Carolina","450","Laurens","0590","Laurens",6327,6428,2418,2460,37,12
"G4500630","1820","South Carolina","450","Lexington","0630","Lexington",2615,2652,1370,1431,8,7
"G4500670","1820","South Carolina","450","Marion","0670","Marion",3383,3269,1690,1773,45,41
"G4500690","1820","South Carolina","450","Marlboro","0690","Marlboro",1600,1650,1555,1478,64,78
"G4500710","1820","South Carolina","450","Newberry","0710","Newberry",5163,5014,2881,2868,85,93
"G4500750","1820","South Carolina","450","Orangeburg","0750","Orangeburg",3551,3209,4685,4144,30,34
"G4500755","1820","South Carolina","450","Pendleton","0755","Pendleton",11031,11109,2375,2340,94,73
"G4500790","1820","South Carolina","450","Richland","0790","Richland",2358,2141,3810,3817,101,94
"G4500830","1820","South Carolina","450","Spartanburg","0830","Spartanburg",6955,6700,1574,1734,15,11
"G4500850","1820","South Carolina","450","Sumter","0850","Sumter",4585,4259,7961,8182,187,195
"G4500870","1820","South Carolina","450","Union","0870","Union",5246,4540,2438,1840,31,31
"G4500890","1820","South Carolina","450","Williamsburg","0890","Williamsburg",1413,1382,2933,2931,36,21
"G4500910","1820","South Carolina","450","York","0910","York",5171,5080,2270,2320,43,52
"G4700010","1820","Tennessee","470","Anderson","0010","Anderson",2141,2154,163,186,15,9
"G4700030","1820","Tennessee","470","Bedford","0030","Bedford",6327,6007,1952,1638,49,39
"G4700070","1820","Tennessee","470","Bledsoe","0070","Bledsoe",1842,1774,177,184,15,13
"G4700090","1820","Tennessee","470","Blount","0090","Blount",5119,5035,559,491,27,27
"G4700130","1820","Tennessee","470","Campbell","0130","Campbell",2095,1998,55,61,20,15
"G4700190","1820","Tennessee","470","Carter","0190","Carter",2306,2178,177,168,2,4
"G4700250","1820","Tennessee","470","Claiborne","0250","Claiborne",2513,2588,213,164,14,16
"G4700290","1820","Tennessee","470","Cocke","0290","Cocke",2229,2180,193,275,13,2
"G4700370","1820","Tennessee","470","Davidson","0370","Davidson",6390,5676,4045,3854,109,80
"G4700430","1820","Tennessee","470","Dickson","0430","Dickson",1976,1885,667,638,10,14
"G4700510","1820","Tennessee","470","Franklin","0510","Franklin",6294,6044,1986,2181,35,31
"G4700550","1820","Tennessee","470","Giles","0550","Giles",4735,4537,1625,1636,16,9
"G4700570","1820","Tennessee","470","Grainger","0570","Grainger",3407,3394,334,317,95,104
"G4700590","1820","Tennessee","470","Greene","0590","Greene",5230,5235,415,414,10,20
"G4700650","1820","Tennessee","470","Hamilton","0650","Hamilton",387,379,20,19,10,6
"G4700710","1820","Tennessee","470","Hardin","0710","Hardin",679,638,81,55,4,5
"G4700730","1820","Tennessee","470","Hawkins","0730","Hawkins",4876,4432,659,672,151,159
"G4700810","1820","Tennessee","470","Hickman","0810","Hickman",2782,2589,311,389,8,1
"G4700850","1820","Tennessee","470","Humphreys","0850","Humphreys",1824,1698,264,278,2,1
"G4700870","1820","Tennessee","470","Jackson","0870","Jackson",3453,3281,341,409,56,53
"G4700890","1820","Tennessee","470","Jefferson","0890","Jefferson",4045,3985,453,439,18,13
"G4700930","1820","Tennessee","470","Knox","0930","Knox",5578,5548,877,948,48,35
"G4700990","1820","Tennessee","470","Lawrence","0990","Lawrence",1598,1468,96,108,1,0
"G4701030","1820","Tennessee","470","Lincoln","1030","Lincoln",6355,6151,1095,1155,4,1
"G4701070","1820","Tennessee","470","McMinn","1070","Mcminn",738,714,68,85,12,6
"G4701150","1820","Tennessee","470","Marion","1150","Marion",1877,1842,72,95,1,1
"G4701190","1820","Tennessee","470","Maury","1190","Maury",8037,7583,3148,3272,25,24
"G4701230","1820","Tennessee","470","Monroe","1230","Monroe",1220,1126,77,84,9,13
"G4701250","1820","Tennessee","470","Montgomery","1250","Montgomery",3867,3624,2231,2432,36,29
"G4701290","1820","Tennessee","470","Morgan","1290","Morgan",833,797,20,26,0,0
"G4701330","1820","Tennessee","470","Overton","1330","Overton",3255,3176,323,342,22,10
"G4701350","1820","Tennessee","470","Perry","1350","Perry",1141,1020,111,112,0,0
"G4701430","1820","Tennessee","470","Rhea","1430","Rhea",1980,1878,169,165,14,9
"G4701450","1820","Tennessee","470","Roane","1450","Roane",3618,3407,382,432,28,28
"G4701470","1820","Tennessee","470","Robertson","1470","Robertson",3875,3504,1328,1192,18,21
"G4701490","1820","Tennessee","470","Rutherford","1490","Rutherford",7183,6982,2556,2631,147,53
"G4701550","1820","Tennessee","470","Sevier","1550","Sevier",2245,2224,146,144,6,7
"G4701570","1820","Tennessee","470","Shelby","1570","Shelby",141,110,45,58,0,0
"G4701590","1820","Tennessee","470","Smith","1590","Smith",7096,6842,1741,1813,52,36
"G4701610","1820","Tennessee","470","Stewart","1610","Stewart",3475,3522,679,673,27,21
"G4701630","1820","Tennessee","470","Sullivan","1630","Sullivan",3126,2957,475,361,62,34
"G4701650","1820","Tennessee","470","Sumner","1650","Sumner",6820,6481,2842,2920,86,62
"G4701770","1820","Tennessee","470","Warren","1770","Warren",4866,4519,452,498,7,6
"G4701790","1820","Tennessee","470","Washington","1790","Washington",4255,4251,497,482,35,37
"G4701810","1820","Tennessee","470","Wayne","1810","Wayne",1248,1139,34,38,0,0
"G4701850","1820","Tennessee","470","White","1850","White",4096,3885,273,320,62,65
"G4701870","1820","Tennessee","470","Williamson","1870","Williamson",6967,6626,3460,3512,37,38
"G4701890","1820","Tennessee","470","Wilson","1890","Wilson",7460,7264,1850,1994,83,79
"G5000010","1820","Vermont","500","Addison","0010","Addison",10109,10241,0,0,58,61
"G5000030","1820","Vermont","500","Bennington","0030","Bennington",8006,8040,0,0,34,45
"G5000050","1820","Vermont","500","Caledonia","0050","Caledonia",8254,8387,0,0,9,19
"G5000070","1820","Vermont","500","Chittenden","0070","Chittenden",8176,7757,0,0,55,67
"G5000090","1820","Vermont","500","Essex","0090","Essex",1645,1629,0,0,3,7
"G5000110","1820","Vermont","500","Franklin","0110","Franklin",8799,8299,0,0,48,46
"G5000130","1820","Vermont","500","Grand Isle","0130","Grand Isle",1841,1677,0,0,4,5
"G5000170","1820","Vermont","500","Orange","0170","Orange",12267,12366,0,0,24,24
"G5000190","1820","Vermont","500","Orleans","0190","Orleans",3393,3547,0,0,18,18
"G5000210","1820","Vermont","500","Rutland","0210","Rutland",14883,14972,0,0,64,56
"G5000230","1820","Vermont","500","Washington","0230","Washington",7084,7007,0,0,7,8
"G5000250","1820","Vermont","500","Windham","0250","Windham",14024,14378,0,0,26,29
"G5000270","1820","Vermont","500","Windsor","0270","Windsor",18829,19236,0,0,88,80
"G5100010","1820","Virginia","510","Accomack","0010","Accomack",4598,4788,2274,2206,990,1110
"G5100030","1820","Virginia","510","Albemarle","0030","Albemarle",4453,4262,5619,5040,197,176
"G5100070","1820","Virginia","510","Amelia","0070","Amelia",1697,1710,3786,3614,86,101
"G5100090","1820","Virginia","510","Amherst","0090","Amherst",2335,2275,2817,2750,127,119
"G5100150","1820","Virginia","510","Augusta","0150","Augusta",6646,6317,1817,1695,144,123
"G5100170","1820","Virginia","510","Bath","0170","Bath",2012,1953,586,616,31,33
"G5100190","1820","Virginia","510","Bedford","0190","Bedford",5570,5383,4102,3939,153,158
"G5100195","1820","Virginia","510","Berkeley","0195","Berkeley",4634,4451,994,904,117,111
"G5100230","1820","Virginia","510","Botetourt","0230","Botetourt",5282,5211,1493,1313,145,145
"G5100237","1820","Virginia","510","Brooke","0237","Brooke",3172,3018,191,192,24,34
"G5100250","1820","Virginia","510","Brunswick","0250","Brunswick",2925,2964,5201,4880,394,323
"G5100290","1820","Virginia","510","Buckingham","0290","Buckingham",3653,3692,5138,4801,141,144
"G5100293","1820","Virginia","510","Cabell","0293","Cabell",2241,2147,206,186,2,7
"G5100310","1820","Virginia","510","Campbell","0310","Campbell",4286,4161,3718,3727,327,350
"G5100330","1820","Virginia","510","Caroline","0330","Caroline",3145,3352,5413,5586,227,259
"G5100360","1820","Virginia","510","Charles City","0360","Charles City",837,913,1531,1436,287,251
"G5100370","1820","Virginia","510","Charlotte","0370","Charlotte",2515,2490,4053,4071,74,87
"G5100410","1820","Virginia","510","Chesterfield","0410","Chesterfield",3822,3721,5007,4506,477,470
"G5100470","1820","Virginia","510","Culpeper","0470","Culpeper",5597,5539,4843,4625,168,170
"G5100490","1820","Virginia","510","Cumberland","0490","Cumberland",1988,1978,3556,3257,118,126
"G5100530","1820","Virginia","510","Dinwiddie","0530","Dinwiddie",2639,2734,4059,3692,326,342
"G5100550","1820","Virginia","510","Elizabeth City","0550","Elizabeth City",1175,901,819,824,41,29
"G5100570","1820","Virginia","510","Essex","0570","Essex",1762,1737,3112,2934,180,184
"G5100590","1820","Virginia","510","Fairfax","0590","Fairfax",3054,3170,2353,2320,261,246
"G5100610","1820","Virginia","510","Fauquier","0610","Fauquier",5702,5727,5803,5364,307,200
"G5100650","1820","Virginia","510","Fluvanna","0650","Fluvanna",1692,1683,1715,1491,68,55
"G5100670","1820","Virginia","510","Franklin","0670","Franklin",4157,4070,1779,1868,77,66
"G5100690","1820","Virginia","510","Frederick","0690","Frederick",8475,8082,3658,3521,505,465
"G5100710","1820","Virginia","510","Giles","0710","Giles",2150,2024,146,159,23,19
"G5100730","1820","Virginia","510","Gloucester","0730","Gloucester",1964,2044,2649,2559,214,248
"G5100750","1820","Virginia","510","Goochland","0750","Goochland",1889,1907,2919,2607,317,368
"G5100770","1820","Virginia","510","Grayson","0770","Grayson",2678,2492,173,172,50,33
"G5100775","1820","Virginia","510","Greenbrier","0775","Greenbrier",3228,2935,414,372,50,42
"G5100810","1820","Virginia","510","Greensville","0810","Greensville",1015,1041,2320,2192,141,149
"G5100830","1820","Virginia","510","Halifax","0830","Halifax",4380,4378,5005,4875,245,177
"G5100833","1820","Virginia","510","Hampshire","0833","Hampshire",4893,4614,675,604,52,51
"G5100850","1820","Virginia","510","Hanover","0850","Hanover",2971,3159,4396,4360,188,193
"G5100853","1820","Virginia","510","Hardy","0853","Hardy",2336,2270,485,429,86,94
"G5100857","1820","Virginia","510","Harrison","0857","Harrison",5484,4816,258,311,36,27
"G5100870","1820","Virginia","510","Henrico","0870","Henrico",2546,2772,2957,2460,394,471
"G5100890","1820","Virginia","510","Henry","0890","Henry",1650,1671,1021,1157,66,59
"G5100930","1820","Virginia","510","Isle Of Wight","0930","Isle Of Wight",2354,2529,2233,2064,448,490
"G5100950","1820","Virginia","510","James City","0950","James City",511,506,888,789,218,249
"G5100953","1820","Virginia","510","Jefferson","0953","Jefferson",4510,4197,2211,1921,131,117
"G5100957","1820","Virginia","510","Kanawha","0957","Kanawha",2949,2348,605,468,21,8
"G5100970","1820","Virginia","510","King And Queen","0970","King And Queen",3192,2268,3081,2960,140,157
"G5100990","1820","Virginia","510","King George","0990","King George",1175,1174,1783,1721,121,142
"G5101010","1820","Virginia","510","King William","1010","King William",1698,1751,3095,2915,114,124
"G5101030","1820","Virginia","510","Lancaster","1030","Lancaster",1176,1212,1446,1498,84,101
"G5101050","1820","Virginia","510","Lee","1050","Lee",1962,1923,169,197,2,3
"G5101053","1820","Virginia","510","Lewis","1053","Lewis",2134,1988,59,56,5,5
"G5101070","1820","Virginia","510","Loudoun","1070","Loudoun",8356,7788,2964,2765,406,423
"G5101090","1820","Virginia","510","Louisa","1090","Louisa",3055,2912,3925,3635,117,102
"G5101110","1820","Virginia","510","Lunenburg","1110","Lunenburg",1962,1911,3476,3187,67,59
"G5101130","1820","Virginia","510","Madison","1130","Madison",1904,1896,2346,2266,36,42
"G5101137","1820","Virginia","510","Mason","1137","Mason",2189,2056,291,302,14,16
"G5101150","1820","Virginia","510","Mathews","1150","Matthews",1757,1859,1504,1682,48,70
"G5101170","1820","Virginia","510","Mecklenburg","1170","Mecklenburg",3821,3889,5957,5445,340,334
"G5101190","1820","Virginia","510","Middlesex","1190","Middlesex",825,931,1136,1030,55,80
"G5101193","1820","Virginia","510","Monongalia","1193","Monongalia",5419,5149,191,184,61,56
"G5101197","1820","Virginia","510","Monroe","1197","Monroe",3014,2995,234,267,39,31
"G5101210","1820","Virginia","510","Montgomery","1210","Montgomery",3741,3706,639,616,16,15
"G5101215","1820","Virginia","510","Morgan","1215","Morgan",1236,1131,57,41,14,21
"G5101230","1820","Virginia","510","Nansemond","1230","Nansemond",2261,2314,2387,2139,684,709
"G5101250","1820","Virginia","510","Nelson","1250","Nelson",2179,2216,2915,2745,44,38
"G5101270","1820","Virginia","510","New Kent","1270","New Kent",1263,1274,1815,1944,145,189
"G5101275","1820","Virginia","510","Nicholas","1275","Nicholas",923,882,25,23,0,0
"G5101290","1820","Virginia","510","Norfolk","1290","Norfolk",4550,4092,3227,2697,417,475
"G5101310","1820","Virginia","510","Northampton","1310","Northampton",1629,1740,1695,1628,440,573
"G5101330","1820","Virginia","510","Northumberland","1330","Northumberland",2087,2047,1651,1617,320,294
"G5101350","1820","Virginia","510","Nottoway","1350","Nottoway",1386,1419,3314,3362,71,104
"G5101355","1820","Virginia","510","Ohio","1355","Ohio",4525,4195,221,198,30,13
"G5101370","1820","Virginia","510","Orange","1370","Orange",2637,2582,3921,3597,57,86
"G5101410","1820","Virginia","510","Patrick","1410","Patrick",1800,1976,593,620,51,49
"G5101415","1820","Virginia","510","Pendleton","1415","Pendleton",2258,2186,177,204,5,6
"G5101430","1820","Virginia","510","Pittsylvania","1430","Pittsylvania",6278,6348,4127,4357,114,89
"G5101450","1820","Virginia","510","Powhatan","1450","Powhatan",1306,1186,2921,2555,151,173
"G5101455","1820","Virginia","510","Preston","1455","Preston",1694,1648,50,30,6,0
"G5101470","1820","Virginia","510","Prince Edward","1470","Prince Edward",2295,2332,4010,3606,162,172
"G5101490","1820","Virginia","510","Prince George","1490","Prince George",1511,1608,2261,2062,278,310
"G5101510","1820","Virginia","510","Princess Anne","1510","Princess Anne",2323,2489,1916,1789,120,131
"G5101530","1820","Virginia","510","Prince William","1530","Prince William",2356,2405,2168,2212,114,164
"G5101557","1820","Virginia","510","Randolph","1557","Randolph",1670,1496,66,65,28,32
"G5101590","1820","Virginia","510","Richmond","1590","Richmond",1307,1442,1333,1331,147,146
"G5101630","1820","Virginia","510","Rockbridge","1630","Rockbridge",4644,4394,1319,1293,166,129
"G5101650","1820","Virginia","510","Rockingham","1650","Rockingham",6397,6249,995,876,135,132
"G5101670","1820","Virginia","510","Russell","1670","Russell",2524,2465,228,298,8,13
"G5101690","1820","Virginia","510","Scott","1690","Scott",1916,2076,128,130,8,5
"G5101710","1820","Virginia","510","Shenandoah","1710","Shenandoah",8187,8521,1017,884,143,174
"G5101750","1820","Virginia","510","Southampton","1750","Southampton",2959,3168,3601,3136,599,707
"G5101770","1820","Virginia","510","Spotsylvania","1770","Spotsylvania",2884,3055,4170,3554,256,335
"G5101790","1820","Virginia","510","Stafford","1790","Stafford",2264,2524,2312,2056,195,166
"G5101810","1820","Virginia","510","Surry","1810","Surry",1280,1362,1788,1552,308,304
"G5101830","1820","Virginia","510","Sussex","1830","Sussex",1975,2180,3707,3338,324,360
"G5101850","1820","Virginia","510","Tazewell","1850","Tazewell",1730,1705,226,237,9,9
"G5101855","1820","Virginia","510","Tyler","1855","Tyler",1116,1087,42,58,5,6
"G5101890","1820","Virginia","510","Warwick","1890","Warwick",290,330,479,475,23,11
"G5101910","1820","Virginia","510","Washington","1910","Washington",5360,5033,987,911,78,75
"G5101930","1820","Virginia","510","Westmoreland","1930","Westmoreland",1554,1477,1719,1674,230,247
"G5101953","1820","Virginia","510","Wood","1953","Wood",2614,2384,445,407,7,3
"G5101970","1820","Virginia","510","Wythe","1970","Wythe",4150,3961,734,799,19,29
"G5101990","1820","Virginia","510","York","1990","York",800,788,1069,1096,291,340
"G5107100","1820","Virginia","510","Norfolk City","7100","Norfolk City",2187,2431,1453,1808,229,370
"G5107300","1820","Virginia","510","Petersburg City","7300","Petersburg City",1725,1372,1195,1233,513,652
"G5107600","1820","Virginia","510","Richmond City","7600","Richmond City",3492,2953,2171,2216,532,703
"G5108300","1820","Virginia","510","Williamsburg City","8300","Williamsburg City",253,281,340,443,34,51
